row,payload,status,error
0,"{'batch_id': 70, 'measure_unit_id': 2, 'name': 'CERA. 42X42 ABEL GRIS BRILLO BOLD', 'code': 'CERAABGFABO01'}",400,"{""error"":[""Los campos batch_id, code deben formar un conjunto único.""]}"
1,"{'batch_id': 64, 'measure_unit_id': 2, 'name': 'CERA. 30X40 ACUARELLA BRILO', 'code': 'CERAACBFABO02'}",400,"{""error"":[""Los campos batch_id, code deben formar un conjunto único.""]}"
2,"{'batch_id': 188, 'measure_unit_id': 2, 'name': 'CERA. 57X57 AMANECER BRILLO BOLD', 'code': 'CERAAMBTRIU01'}",400,"{""error"":[""Los campos batch_id, code deben formar un conjunto único.""]}"
3,"{'batch_id': 64, 'measure_unit_id': 2, 'name': 'CERA. 30X40 APOLLO DORADO BRILLO BOLD', 'code': 'CERAAPDFABO02'}",400,"{""error"":[""Los campos batch_id, code deben formar un conjunto único.""]}"
4,"{'batch_id': 22, 'measure_unit_id': 2, 'name': 'CERA. 60X60 ARIZONA BEIGE RUSTICO', 'code': 'CERAARBLUME01'}",400,"{""error"":[""Los campos batch_id, code deben formar un conjunto único.""]}"
5,"{'batch_id': 188, 'measure_unit_id': 2, 'name': 'CERA. 57X57 ASTRO BRILLO BOLD', 'code': 'CERAASBTRIU01'}",400,"{""error"":[""Los campos batch_id, code deben formar un conjunto único.""]}"
6,"{'batch_id': 70, 'measure_unit_id': 2, 'name': 'CERA. 42X42 ASTERIX MARRON BRILLO BOLD', 'code': 'CERAASMFABO01'}",400,"{""error"":[""Los campos batch_id, code deben formar un conjunto único.""]}"
7,"{'batch_id': 37, 'measure_unit_id': 1, 'name': 'FORTE 20kg', 'code': 'CEMEFORCALE03'}",400,"{""error"":[""Los campos batch_id, code deben formar un conjunto único.""]}"
8,"{'batch_id': 76, 'measure_unit_id': 2, 'name': 'CERA. 61X61 BASIC AMARILLO BRILLO', 'code': 'CERABAAFABO01'}",400,"{""error"":[""Los campos batch_id, code deben formar un conjunto único.""]}"
9,"{'batch_id': 76, 'measure_unit_id': 2, 'name': 'CERA. 61X61 BALAU BRILLO', 'code': 'CERABABFABO01'}",400,"{""error"":[""Los campos batch_id, code deben formar un conjunto único.""]}"
10,"{'batch_id': 70, 'measure_unit_id': 2, 'name': 'CERA. 42X42 BAUME CEDRO BRILLO BOLD', 'code': 'CERABACFABO01'}",400,"{""error"":[""Los campos batch_id, code deben formar un conjunto único.""]}"
11,"{'batch_id': 76, 'measure_unit_id': 2, 'name': 'CERA. 61X61 BALAU MATE', 'code': 'CERABAMFABO01'}",400,"{""error"":[""Los campos batch_id, code deben formar un conjunto único.""]}"
12,"{'batch_id': 76, 'measure_unit_id': 2, 'name': 'CERA. 61X61 BASIC WHITE BRILLO', 'code': 'CERABAWFABO01'}",400,"{""error"":[""Los campos batch_id, code deben formar un conjunto único.""]}"
13,"{'batch_id': 61, 'measure_unit_id': 2, 'name': 'CERA. 33X61 BEIGE ABSOLUTE BRILLO BOLD.', 'code': 'CERABEAEMBR02'}",400,"{""error"":[""Los campos batch_id, code deben formar un conjunto único.""]}"
14,"{'batch_id': 76, 'measure_unit_id': 2, 'name': 'CERA. 61X61 BEREA ARENA MATE', 'code': 'CERABEAFABO01'}",400,"{""error"":[""Los campos batch_id, code deben formar un conjunto único.""]}"
15,"{'batch_id': 64, 'measure_unit_id': 2, 'name': 'CERA. 30X40 BLANCO EXTERIOR', 'code': 'CERABLEFABO02'}",400,"{""error"":[""Los campos batch_id, code deben formar un conjunto único.""]}"
16,"{'batch_id': 14, 'measure_unit_id': 2, 'name': 'CERA. 33X60 336770 BLANCO NIEVE BRILLO', 'code': 'CERABLNBRAS02'}",400,"{""error"":[""Los campos batch_id, code deben formar un conjunto único.""]}"
17,"{'batch_id': 64, 'measure_unit_id': 2, 'name': 'CERA. 30X40 BOTECINO ESCARLATA BRILLO', 'code': 'CERABOEFABO02'}",400,"{""error"":[""Los campos batch_id, code deben formar un conjunto único.""]}"
18,"{'batch_id': 37, 'measure_unit_id': 1, 'name': 'DURAMIX 20kg', 'code': 'CEMEDURECOR03'}",400,"{""error"":[""Los campos batch_id, code deben formar un conjunto único.""]}"
19,"{'batch_id': 67, 'measure_unit_id': 2, 'name': 'CERA. 34X34 BUDAPEST MOCA BRILLO BOLD', 'code': 'CERABUMFABO01'}",400,"{""error"":[""Los campos batch_id, code deben formar un conjunto único.""]}"
20,"{'batch_id': 13, 'measure_unit_id': 2, 'name': 'CERA. 32X56 32200 CATEDRAL BLANCO BRILLO BOLD', 'code': 'CERACABBRAS02'}",400,"{""error"":[""Los campos batch_id, code deben formar un conjunto único.""]}"
21,"{'batch_id': 66, 'measure_unit_id': 2, 'name': 'CERA. 30X50 CARANDA BRILLO', 'code': 'CERACABFABO02'}",400,"{""error"":[""Los campos batch_id, code deben formar un conjunto único.""]}"
22,"{'batch_id': 65, 'measure_unit_id': 2, 'name': 'CERA. 30X42 CANYON HD', 'code': 'CERACAHFABO02'}",400,"{""error"":[""Los campos batch_id, code deben formar un conjunto único.""]}"
23,"{'batch_id': 12, 'measure_unit_id': 2, 'name': 'CERA. 32X51 HD570 CATEDRAL NEGRO BRILLO BOLD', 'code': 'CERACANBRAS02'}",400,"{""error"":[""Los campos batch_id, code deben formar un conjunto único.""]}"
24,"{'batch_id': 63, 'measure_unit_id': 2, 'name': 'CERA. 22X34 CALI VERDE BRILLO BOLD', 'code': 'CERACAVFABO02'}",400,"{""error"":[""Los campos batch_id, code deben formar un conjunto único.""]}"
25,"{'batch_id': 22, 'measure_unit_id': 2, 'name': 'CERA. 60X60 COVATO BRILLO', 'code': 'CERACOBFABO01'}",400,"{""error"":[""Los campos batch_id, code deben formar un conjunto único.""]}"
26,"{'batch_id': 76, 'measure_unit_id': 2, 'name': 'CERA. 61X61 COVATO EXTERIOR ', 'code': 'CERACOEFABO01'}",400,"{""error"":[""Los campos batch_id, code deben formar un conjunto único.""]}"
27,"{'batch_id': 66, 'measure_unit_id': 2, 'name': 'CERA. 30X50 DUBAR EXTERIOR', 'code': 'CERADUEFABO01'}",400,"{""error"":[""Los campos batch_id, code deben formar un conjunto único.""]}"
28,"{'batch_id': 70, 'measure_unit_id': 2, 'name': 'CERA. 42X42 ESPARTA BLANCO BRILLO BOLD', 'code': 'CERAESBFABO01'}",400,"{""error"":[""Los campos batch_id, code deben formar un conjunto único.""]}"
29,"{'batch_id': 16, 'measure_unit_id': 2, 'name': 'CERA. 54X54 FAMA BR TEXTURADO', 'code': 'CERAFABBRAS01'}",400,"{""error"":[""Los campos batch_id, code deben formar un conjunto único.""]}"
30,"{'batch_id': 22, 'measure_unit_id': 2, 'name': 'CERA. 60X60 FAMA CIMENTO EXTERIOR', 'code': 'CERAFACLUME01'}",400,"{""error"":[""Los campos batch_id, code deben formar un conjunto único.""]}"
31,"{'batch_id': 76, 'measure_unit_id': 2, 'name': 'CERA. 61X61 FOREST TEXTURADO', 'code': 'CERAFOTLUME01'}",400,"{""error"":[""Los campos batch_id, code deben formar un conjunto único.""]}"
32,"{'batch_id': 68, 'measure_unit_id': 2, 'name': 'CERA. 40X40 GEODUNAS GRIS BRILLO', 'code': 'CERAGEGFABO01'}",400,"{""error"":[""Los campos batch_id, code deben formar un conjunto único.""]}"
33,"{'batch_id': 70, 'measure_unit_id': 2, 'name': 'CERA. 42X42 GRANADA BEIGE BRILLO BOLD', 'code': 'CERAGRBFABO01'}",400,"{""error"":[""Los campos batch_id, code deben formar un conjunto único.""]}"
34,"{'batch_id': 70, 'measure_unit_id': 2, 'name': 'CERA. 42X42 GRANIZO VERDE BRILLO BOLD', 'code': 'CERAGRVFABO01'}",400,"{""error"":[""Los campos batch_id, code deben formar un conjunto único.""]}"
35,"{'batch_id': 15, 'measure_unit_id': 2, 'name': 'CERA. 45X45 45710 IMPERIUM DIAMANTE BRILLO ', 'code': 'CERAIMDCRIS01'}",400,"{""error"":[""Los campos batch_id, code deben formar un conjunto único.""]}"
36,"{'batch_id': 5, 'measure_unit_id': 2, 'name': 'CERA. 20X60 IPE RUSTICO', 'code': 'CERAIPTANGE01'}",400,"{""error"":[""Los campos batch_id, code deben formar un conjunto único.""]}"
37,"{'batch_id': 15, 'measure_unit_id': 2, 'name': 'CERA. 45X45 45710 IMPERIUM BRILLO BOLD', 'code': 'CERAISBBRAS01'}",400,"{""error"":[""Los campos batch_id, code deben formar un conjunto único.""]}"
38,"{'batch_id': 18, 'measure_unit_id': 2, 'name': 'CERA. 33X46 ISABELA BLANCO BRILLO BOLD.', 'code': 'CERAISBCERA02'}",400,"{""error"":[""Los campos batch_id, code deben formar un conjunto único.""]}"
39,"{'batch_id': 15, 'measure_unit_id': 2, 'name': 'CERA. 45X45 JATOBA CEREZO BRILLO BOLD', 'code': 'CERAJACFABO01'}",400,"{""error"":[""Los campos batch_id, code deben formar un conjunto único.""]}"
40,"{'batch_id': 68, 'measure_unit_id': 2, 'name': 'CERA. 40X40 JATOBA NAVAJO BRILLO', 'code': 'CERAJANFABO01'}",400,"{""error"":[""Los campos batch_id, code deben formar un conjunto único.""]}"
41,"{'batch_id': 76, 'measure_unit_id': 2, 'name': 'CERA. 61X61 KHAYA MARRON MATE', 'code': 'CERAKHMFABO01'}",400,"{""error"":[""Los campos batch_id, code deben formar un conjunto único.""]}"
42,"{'batch_id': 80, 'measure_unit_id': 2, 'name': 'CERA. 32X62 LAJA AZUL RUSTICO BOLD', 'code': 'CERALAAGAUD02'}",400,"{""error"":[""Los campos batch_id, code deben formar un conjunto único.""]}"
43,"{'batch_id': 24, 'measure_unit_id': 2, 'name': 'CERA. 56X56 56111 LAJA BRASILERO EXTERIOR', 'code': 'CERALABCRIS01'}",400,"{""error"":[""Los campos batch_id, code deben formar un conjunto único.""]}"
44,"{'batch_id': 15, 'measure_unit_id': 2, 'name': 'CERA. 45X45 LADRILLO RUSTICO BOLD', 'code': 'CERALARBRAS01'}",400,"{""error"":[""Los campos batch_id, code deben formar un conjunto único.""]}"
45,"{'batch_id': 4, 'measure_unit_id': 2, 'name': 'CERA. 15X60 LEGNO BIANCO TEXTURADO', 'code': 'CERALEBANGE01'}",400,"{""error"":[""Los campos batch_id, code deben formar un conjunto único.""]}"
46,"{'batch_id': 63, 'measure_unit_id': 2, 'name': 'CERA. 22X34 LISTRADO AZUL BRILLO BOLD.', 'code': 'CERALIAFABO02'}",400,"{""error"":[""Los campos batch_id, code deben formar un conjunto único.""]}"
47,"{'batch_id': 11, 'measure_unit_id': 2, 'name': 'CERA. 31X31 LIO BRASILERO BOLD.', 'code': 'CERALIBBRAS01'}",400,"{""error"":[""Los campos batch_id, code deben formar un conjunto único.""]}"
48,"{'batch_id': 70, 'measure_unit_id': 2, 'name': 'CERA. 42X42 LIENZO CHOCOLATE MATE BOLD.', 'code': 'CERALICFABO01'}",400,"{""error"":[""Los campos batch_id, code deben formar un conjunto único.""]}"
49,"{'batch_id': 15, 'measure_unit_id': 2, 'name': 'CERA. 45X45 MADERA DIVAH', 'code': 'CERAMADBRAS01'}",400,"{""error"":[""Los campos batch_id, code deben formar un conjunto único.""]}"
50,"{'batch_id': 4, 'measure_unit_id': 2, 'name': 'CERA. 15X60 MAINSTREET GRAY MATE', 'code': 'CERAMAGANGE02'}",400,"{""error"":[""Los campos batch_id, code deben formar un conjunto único.""]}"
51,"{'batch_id': 22, 'measure_unit_id': 2, 'name': 'CERA. 60X60 MAGANDA PINO BRILLO', 'code': 'CERAMAPFABO01'}",400,"{""error"":[""Los campos batch_id, code deben formar un conjunto único.""]}"
52,"{'batch_id': 4, 'measure_unit_id': 2, 'name': 'CERA. 15X60 MAINSTREET GRAY TEXTURADO', 'code': 'CERAMGTANGE02'}",400,"{""error"":[""Los campos batch_id, code deben formar un conjunto único.""]}"
53,"{'batch_id': 69, 'measure_unit_id': 2, 'name': 'CERA. 41X41 MILAZZO BRILLO BOLD', 'code': 'CERAMIBFABO01'}",400,"{""error"":[""Los campos batch_id, code deben formar un conjunto único.""]}"
54,"{'batch_id': 37, 'measure_unit_id': 1, 'name': 'SUPERFORTE 20kg', 'code': 'CEMESUPCALE03'}",400,"{""error"":[""Los campos batch_id, code deben formar un conjunto único.""]}"
55,"{'batch_id': 15, 'measure_unit_id': 2, 'name': 'CERA. 45X45 MONALISA BRILLO BOLD.', 'code': 'CERAMOBBRAS01'}",400,"{""error"":[""Los campos batch_id, code deben formar un conjunto único.""]}"
56,"{'batch_id': 72, 'measure_unit_id': 2, 'name': 'CERA. 50X50 NATIVO MATE', 'code': 'CERANAMFABO01'}",400,"{""error"":[""Los campos batch_id, code deben formar un conjunto único.""]}"
57,"{'batch_id': 76, 'measure_unit_id': 2, 'name': 'CERA. 61X61 PETRA GRIS EXTERIOR', 'code': 'CERAPEGFABO01'}",400,"{""error"":[""Los campos batch_id, code deben formar un conjunto único.""]}"
58,"{'batch_id': 70, 'measure_unit_id': 2, 'name': 'CERA. 42X42 PIEDRA BENET', 'code': 'CERAPIBFABO01'}",400,"{""error"":[""Los campos batch_id, code deben formar un conjunto único.""]}"
59,"{'batch_id': 22, 'measure_unit_id': 2, 'name': 'CERA. 60X60 PIEDRA BR RUSTICO', 'code': 'CERAPIBLUME01'}",400,"{""error"":[""Los campos batch_id, code deben formar un conjunto único.""]}"
60,"{'batch_id': 76, 'measure_unit_id': 2, 'name': 'CERA. 61X61 QUEBEC GRIS MATE', 'code': 'CERAQUGFABO01'}",400,"{""error"":[""Los campos batch_id, code deben formar un conjunto único.""]}"
61,"{'batch_id': 70, 'measure_unit_id': 2, 'name': 'CERA. 42X42 RACK HD BRILLO BOLD', 'code': 'CERARAHFABO01'}",400,"{""error"":[""Los campos batch_id, code deben formar un conjunto único.""]}"
62,"{'batch_id': 70, 'measure_unit_id': 2, 'name': 'CERA. 42X42 RECIFE AZUL', 'code': 'CERAREAFABO01'}",400,"{""error"":[""Los campos batch_id, code deben formar un conjunto único.""]}"
63,"{'batch_id': 37, 'measure_unit_id': 1, 'name': 'SUPERFORTE PISCINA 20KG', 'code': 'CEMESUICALE03'}",400,"{""error"":[""Los campos batch_id, code deben formar un conjunto único.""]}"
64,"{'batch_id': 68, 'measure_unit_id': 2, 'name': 'CERA. 40X40 RIAZOR VERDE BRILLO', 'code': 'CERARIVFABO01'}",400,"{""error"":[""Los campos batch_id, code deben formar un conjunto único.""]}"
65,"{'batch_id': 76, 'measure_unit_id': 2, 'name': 'CERA. 61X61 SIAN ROBLE BRILLO', 'code': 'CERASIRFABO01'}",400,"{""error"":[""Los campos batch_id, code deben formar un conjunto único.""]}"
66,"{'batch_id': 76, 'measure_unit_id': 2, 'name': 'CERA. 61X61 SORENTO BEIGE BRILLO', 'code': 'CERASOBFABO01'}",400,"{""error"":[""Los campos batch_id, code deben formar un conjunto único.""]}"
67,"{'batch_id': 187, 'measure_unit_id': 2, 'name': 'CERA. 33X57 STYLLUS RUSTICO BOLD.', 'code': 'CERASTRTRIU02'}",400,"{""error"":[""Los campos batch_id, code deben formar un conjunto único.""]}"
68,"{'batch_id': 70, 'measure_unit_id': 2, 'name': 'CERA. 42X42 TEBAS', 'code': 'CERATEBFABO01'}",400,"{""error"":[""Los campos batch_id, code deben formar un conjunto único.""]}"
69,"{'batch_id': 76, 'measure_unit_id': 2, 'name': 'CERA. 61X61 VERMOUNT BLANCO', 'code': 'CERAVEBFABO01'}",400,"{""error"":[""Los campos batch_id, code deben formar un conjunto único.""]}"
70,"{'batch_id': 76, 'measure_unit_id': 2, 'name': 'CERA. 61X61 VITONE BEIGE MATE', 'code': 'CERAVIBFABO01'}",400,"{""error"":[""Los campos batch_id, code deben formar un conjunto único.""]}"
71,"{'batch_id': 76, 'measure_unit_id': 2, 'name': 'CERA. 61X61 VITONNE GRIS MATE', 'code': 'CERAVIGFABO01'}",400,"{""error"":[""Los campos batch_id, code deben formar un conjunto único.""]}"
72,"{'batch_id': 64, 'measure_unit_id': 2, 'name': 'CERA. 30X40 VOGUE BEIGE BRILLO', 'code': 'CERAVOBFABO02'}",400,"{""error"":[""Los campos batch_id, code deben formar un conjunto único.""]}"
73,"{'batch_id': 19, 'measure_unit_id': 2, 'name': 'CERA. 43X43 WAVE BRANCO BRILLO BOLD', 'code': 'CERAWABCERA01'}",400,"{""error"":[""Los campos batch_id, code deben formar un conjunto único.""]}"
74,"{'batch_id': 95, 'measure_unit_id': 2, 'name': 'GRES. 59X59 ALLESO BEIGE POL', 'code': 'GRESALBLUME01'}",400,"{""error"":[""Los campos batch_id, code deben formar un conjunto único.""]}"
75,"{'batch_id': 95, 'measure_unit_id': 2, 'name': 'GRES. 59X59 ALLESO GRIS POL', 'code': 'GRESALGLUME01'}",400,"{""error"":[""Los campos batch_id, code deben formar un conjunto único.""]}"
76,"{'batch_id': 28, 'measure_unit_id': 2, 'name': 'GRES 20X120 KANSAS AC', 'code': 'GRESAMGLUME01'}",400,"{""error"":[""Los campos batch_id, code deben formar un conjunto único.""]}"
77,"{'batch_id': 98, 'measure_unit_id': 2, 'name': 'GRES. 62X119 ASTURIAS POL', 'code': 'GRESASPLUME01'}",400,"{""error"":[""Los campos batch_id, code deben formar un conjunto único.""]}"
78,"{'batch_id': 49, 'measure_unit_id': 2, 'name': 'GRES. 45X90 BOTANICA AMARELO 3D', 'code': 'GRESBAALUME02'}",400,"{""error"":[""Los campos batch_id, code deben formar un conjunto único.""]}"
79,"{'batch_id': 49, 'measure_unit_id': 2, 'name': 'GRES. 45X90 BOTANICA ATLANTIS TURQUESA TEXTURADO', 'code': 'GRESBATLUME02'}",400,"{""error"":[""Los campos batch_id, code deben formar un conjunto único.""]}"
80,"{'batch_id': 95, 'measure_unit_id': 2, 'name': 'GRES. 59X59 CALACATTA BIANCO POL', 'code': 'GRESCABLUME01'}",400,"{""error"":[""Los campos batch_id, code deben formar un conjunto único.""]}"
81,"{'batch_id': 98, 'measure_unit_id': 2, 'name': 'GRES. 62X119 CARAVAGGIO POL', 'code': 'GRESCAPLUME01'}",400,"{""error"":[""Los campos batch_id, code deben formar un conjunto único.""]}"
82,"{'batch_id': 98, 'measure_unit_id': 2, 'name': 'GRES. 62X119 CALACATTA ROYALE POL', 'code': 'GRESCARLUME01'}",400,"{""error"":[""Los campos batch_id, code deben formar un conjunto único.""]}"
83,"{'batch_id': 98, 'measure_unit_id': 2, 'name': 'GRES. 62X119 CARRARA VECCHIO POL', 'code': 'GRESCAVLUME01'}",400,"{""error"":[""Los campos batch_id, code deben formar un conjunto único.""]}"
84,"{'batch_id': 7, 'measure_unit_id': 2, 'name': 'GRES. 60X60 FERRARA BLANCO SEMIBRILLO', 'code': 'GRESFEBGLAD01'}",400,"{""error"":[""Los campos batch_id, code deben formar un conjunto único.""]}"
85,"{'batch_id': 95, 'measure_unit_id': 2, 'name': 'GRES. 59X59 FENIX GRIGGIO POL', 'code': 'GRESFEGLUME01'}",400,"{""error"":[""Los campos batch_id, code deben formar un conjunto único.""]}"
86,"{'batch_id': 98, 'measure_unit_id': 2, 'name': 'GRES 62X119 MARQUINA GOLD POL', 'code': 'GRESITPDELT01'}",400,"{""error"":[""Los campos batch_id, code deben formar un conjunto único.""]}"
87,"{'batch_id': 33, 'measure_unit_id': 2, 'name': 'GRES 71X71 ITATAIA POL', 'code': 'GRESKAALUME01'}",400,"{""error"":[""Los campos batch_id, code deben formar un conjunto único.""]}"
88,"{'batch_id': 101, 'measure_unit_id': 2, 'name': 'GRES. 85X85 KRONOS POL', 'code': 'GRESKRPLUME01'}",400,"{""error"":[""Los campos batch_id, code deben formar un conjunto único.""]}"
89,"{'batch_id': 99, 'measure_unit_id': 2, 'name': 'GRES. 63X120 LOTUS GRIS SEMIBRILLO', 'code': 'GRESLOGLUME02'}",400,"{""error"":[""Los campos batch_id, code deben formar un conjunto único.""]}"
90,"{'batch_id': 95, 'measure_unit_id': 2, 'name': 'GRES. 59X59 MARMOL BIANCO POL', 'code': 'GRESMABLUME01'}",400,"{""error"":[""Los campos batch_id, code deben formar un conjunto único.""]}"
91,"{'batch_id': 49, 'measure_unit_id': 2, 'name': 'GRES. 45X90 MARRAKESH CRISTAL TEXTURADO', 'code': 'GRESMACLUME02'}",400,"{""error"":[""Los campos batch_id, code deben formar un conjunto único.""]}"
92,"{'batch_id': 93, 'measure_unit_id': 2, 'name': 'GRES. 22X90 NEGRESSCO AC', 'code': 'GRESNEALUME01'}",400,"{""error"":[""Los campos batch_id, code deben formar un conjunto único.""]}"
93,"{'batch_id': 95, 'measure_unit_id': 2, 'name': 'GRES. 59X59 NERO CLASSIC POL', 'code': 'GRESNECLUME01'}",400,"{""error"":[""Los campos batch_id, code deben formar un conjunto único.""]}"
95,"{'batch_id': 98, 'measure_unit_id': 2, 'name': 'GRES. 62X119 PALESTRA BEIGE', 'code': 'GRESPABLUME01'}",400,"{""error"":[""Los campos batch_id, code deben formar un conjunto único.""]}"
96,"{'batch_id': 98, 'measure_unit_id': 2, 'name': 'GRES. 62X119 PALADIO GREEN POL', 'code': 'GRESPAGLUME01'}",400,"{""error"":[""Los campos batch_id, code deben formar un conjunto único.""]}"
97,"{'batch_id': 98, 'measure_unit_id': 2, 'name': 'GRES. 62X119 PRADA ACERO POL', 'code': 'GRESPRALUME01'}",400,"{""error"":[""Los campos batch_id, code deben formar un conjunto único.""]}"
98,"{'batch_id': 99, 'measure_unit_id': 2, 'name': 'GRES. 63X120 PRISMA RED AC', 'code': 'GRESPRRLUME02'}",400,"{""error"":[""Los campos batch_id, code deben formar un conjunto único.""]}"
99,"{'batch_id': 99, 'measure_unit_id': 2, 'name': 'GRES. 63X120 QUASAR SILVER TEXTURADO', 'code': 'GRESQUSLUME02'}",400,"{""error"":[""Los campos batch_id, code deben formar un conjunto único.""]}"
100,"{'batch_id': 98, 'measure_unit_id': 2, 'name': 'GRES. 62X119 SPLENDORE POL', 'code': 'GRESSPPLUME01'}",400,"{""error"":[""Los campos batch_id, code deben formar un conjunto único.""]}"
101,"{'batch_id': 98, 'measure_unit_id': 2, 'name': 'GRES. 62X119 VIENNA POL', 'code': 'GRESVIPLUME01'}",400,"{""error"":[""Los campos batch_id, code deben formar un conjunto único.""]}"
102,"{'batch_id': 10, 'measure_unit_id': 2, 'name': 'CERA. 60X60 ROJO LUSTRE SEMIBRILLO', 'code': 'PAPAR6000RL10001'}",400,"{""error"":[""Los campos batch_id, code deben formar un conjunto único.""]}"
103,"{'batch_id': 8, 'measure_unit_id': 2, 'name': 'CERA. 60X60 ECO CONCRETO SEMIBRILLO', 'code': 'PAPAR60051O10001'}",400,"{""error"":[""Los campos batch_id, code deben formar un conjunto único.""]}"
104,"{'batch_id': 7, 'measure_unit_id': 2, 'name': 'CERA. 60X60 ECO BOTICCINO SEMIBRILLO', 'code': 'PAPAR600IW810001'}",400,"{""error"":[""Los campos batch_id, code deben formar un conjunto único.""]}"
105,"{'batch_id': 7, 'measure_unit_id': 2, 'name': 'CERA. 60X60 ECO DORATO SEMIBRILLO', 'code': 'PAPAR600IW910001'}",400,"{""error"":[""Los campos batch_id, code deben formar un conjunto único.""]}"
106,"{'batch_id': 7, 'measure_unit_id': 2, 'name': 'CERA. 60X60 ECO CARRARA REAL SEMIBRILLO', 'code': 'PAPAR600IY310001'}",400,"{""error"":[""Los campos batch_id, code deben formar un conjunto único.""]}"
107,"{'batch_id': 9, 'measure_unit_id': 2, 'name': 'CERA. 60X60 ECO CEMENTO DARK SEMIBRILLO COMERCIAL', 'code': 'PAPAR600IZ020001'}",400,"{""error"":[""Los campos batch_id, code deben formar un conjunto único.""]}"
108,"{'batch_id': 17, 'measure_unit_id': 2, 'name': 'CERA. 19X60 CARRARA VENATO BRILLO', 'code': 'PAPCA19I51M10001'}",400,"{""error"":[""Los campos batch_id, code deben formar un conjunto único.""]}"
109,"{'batch_id': 17, 'measure_unit_id': 2, 'name': 'CERA. 20X60 MADERA CENIZA MATE', 'code': 'PAPCA19I61X10001'}",400,"{""error"":[""Los campos batch_id, code deben formar un conjunto único.""]}"
110,"{'batch_id': 40, 'measure_unit_id': 2, 'name': 'GRES. 60X60 FERRARA BLANCO SEMIBRILLO COMERCIAL', 'code': 'PAPEL6000CI20002'}",400,"{""error"":[""Los campos batch_id, code deben formar un conjunto único.""]}"
111,"{'batch_id': 45, 'measure_unit_id': 2, 'name': 'GRES. 60X60 MOON WHITE MATE', 'code': 'PAPEL6000MK10001'}",400,"{""error"":[""Los campos batch_id, code deben formar un conjunto único.""]}"
112,"{'batch_id': 44, 'measure_unit_id': 2, 'name': 'GRES. 60X60 MARMORE CREMA MATE', 'code': 'PAPEL600IW010001'}",400,"{""error"":[""Los campos batch_id, code deben formar un conjunto único.""]}"
113,"{'batch_id': 42, 'measure_unit_id': 2, 'name': 'GRES. 60X60 TERRAZO GRIGIO MATE', 'code': 'PAPEL600IW410001'}",400,"{""error"":[""Los campos batch_id, code deben formar un conjunto único.""]}"
114,"{'batch_id': 41, 'measure_unit_id': 2, 'name': 'GRES. 60X60 ATLAS SILVER MATE', 'code': 'PAPEL600IW510001'}",400,"{""error"":[""Los campos batch_id, code deben formar un conjunto único.""]}"
115,"{'batch_id': 43, 'measure_unit_id': 2, 'name': 'GRES. 60X60 ATLAS GRAY MATE', 'code': 'PAPEL600IW610001'}",400,"{""error"":[""Los campos batch_id, code deben formar un conjunto único.""]}"
116,"{'batch_id': 115, 'measure_unit_id': 2, 'name': 'CERA. 41X41 ELVIS GRIS MATE BOLD.', 'code': 'PAPPL4100BK10002'}",400,"{""error"":[""Los campos batch_id, code deben formar un conjunto único.""]}"
117,"{'batch_id': 114, 'measure_unit_id': 2, 'name': 'CERA. 41X41 LINO GRIS BOLD', 'code': 'PAPPL4100J710001'}",400,"{""error"":[""Los campos batch_id, code deben formar un conjunto único.""]}"
118,"{'batch_id': 112, 'measure_unit_id': 2, 'name': 'CERA. 41X41 LUNA GRAFFITO MATE', 'code': 'PAPPL4100JQ10001'}",400,"{""error"":[""Los campos batch_id, code deben formar un conjunto único.""]}"
119,"{'batch_id': 113, 'measure_unit_id': 2, 'name': 'CERA. 41X41 OXIDUM HIERRO MATE', 'code': 'PAPPL4100OT10001'}",400,"{""error"":[""Los campos batch_id, code deben formar un conjunto único.""]}"
120,"{'batch_id': 7, 'measure_unit_id': 2, 'name': 'CERA. 60X60 ELVIS GRIS MATE', 'code': 'PAPPL6000BK10001'}",400,"{""error"":[""Los campos batch_id, code deben formar un conjunto único.""]}"
121,"{'batch_id': 117, 'measure_unit_id': 2, 'name': 'CERA. 60X60 LEÑO WENGUE MATE', 'code': 'PAPPL6000IL10001'}",400,"{""error"":[""Los campos batch_id, code deben formar un conjunto único.""]}"
122,"{'batch_id': 7, 'measure_unit_id': 2, 'name': 'CERA. 60X60 MADERA MARFIL SEMIBRILLO', 'code': 'PAPPL6000K710001'}",400,"{""error"":[""Los campos batch_id, code deben formar un conjunto único.""]}"
124,"{'batch_id': 7, 'measure_unit_id': 2, 'name': 'CERA. 60X60 STEELIX CREAM BRILLO', 'code': 'PAPPL60055O10001'}",400,"{""error"":[""Los campos batch_id, code deben formar un conjunto único.""]}"
125,"{'batch_id': 22, 'measure_unit_id': 2, 'name': 'CERA. 60X60 STEELIX GRAY BRILLO', 'code': 'PAPPL60055P10001'}",400,"{""error"":[""Los campos batch_id, code deben formar un conjunto único.""]}"
126,"{'batch_id': 7, 'measure_unit_id': 2, 'name': 'CERA. 60X60 PIETRA LAJA BEIGE EXT', 'code': 'PAPPL600IX310001'}",400,"{""error"":[""Los campos batch_id, code deben formar un conjunto único.""]}"
127,"{'batch_id': 118, 'measure_unit_id': 2, 'name': 'CERA. 60X60 EBANO VENATO BRILLO', 'code': 'PAPPL600JC010001'}",400,"{""error"":[""Los campos batch_id, code deben formar un conjunto único.""]}"
128,"{'batch_id': 116, 'measure_unit_id': 2, 'name': 'CERA. 60X60 URBAN ROCK BEIGE EXT', 'code': 'PAPPL600W6510001'}",400,"{""error"":[""Los campos batch_id, code deben formar un conjunto único.""]}"
129,"{'batch_id': 76, 'measure_unit_id': 2, 'name': 'CERA. 61X61 HD DUOMO MATE BOLD', 'code': 'PAPPL6100AY10001'}",400,"{""error"":[""Los campos batch_id, code deben formar un conjunto único.""]}"
130,"{'batch_id': 120, 'measure_unit_id': 2, 'name': 'PORC. 19X120 TROPICAL BLACK MATE', 'code': 'PAPPO19D0V610001'}",400,"{""error"":[""Los campos batch_id, code deben formar un conjunto único.""]}"
131,"{'batch_id': 119, 'measure_unit_id': 2, 'name': 'PORC. 19X120 TARARA MATE', 'code': 'PAPPO19D1R910001'}",400,"{""error"":[""Los campos batch_id, code deben formar un conjunto único.""]}"
132,"{'batch_id': 149, 'measure_unit_id': 2, 'name': 'PORC. 19X120 BIBOSI NATURAL MATE', 'code': 'PAPPO19DW6310001'}",400,"{""error"":[""Los campos batch_id, code deben formar un conjunto único.""]}"
133,"{'batch_id': 143, 'measure_unit_id': 2, 'name': 'PORC. 19X60 FOREST NUT MATE', 'code': 'PAPPO19H0D910001'}",400,"{""error"":[""Los campos batch_id, code deben formar un conjunto único.""]}"
134,"{'batch_id': 121, 'measure_unit_id': 2, 'name': 'PORC. 20X60 INDUSTRIAL GRIS GRANILLADO', 'code': 'PAPPO19H0FS20001'}",400,"{""error"":[""Los campos batch_id, code deben formar un conjunto único.""]}"
135,"{'batch_id': 122, 'measure_unit_id': 2, 'name': 'PORC. 19X60 BORNEO WENGUE MATE', 'code': 'PAPPO19I04P10001'}",400,"{""error"":[""Los campos batch_id, code deben formar un conjunto único.""]}"
136,"{'batch_id': 123, 'measure_unit_id': 2, 'name': 'PORC. 19X60 WOOD BROWN MATE', 'code': 'PAPPO19I0WZ10001'}",400,"{""error"":[""Los campos batch_id, code deben formar un conjunto único.""]}"
137,"{'batch_id': 140, 'measure_unit_id': 2, 'name': 'PORC. 89X89 CONCRET GRAVA GR MATE', 'code': 'PAPPO252IT510001'}",400,"{""error"":[""Los campos batch_id, code deben formar un conjunto único.""]}"
138,"{'batch_id': 139, 'measure_unit_id': 2, 'name': 'PORC. 89X89 CONCRET GRAVA BL EXT', 'code': 'PAPPO252IT610002'}",400,"{""error"":[""Los campos batch_id, code deben formar un conjunto único.""]}"
139,"{'batch_id': 154, 'measure_unit_id': 2, 'name': 'PORC. 89X89 VOLCANO MR RUSTICO', 'code': 'PAPPO252IU310001'}",400,"{""error"":[""Los campos batch_id, code deben formar un conjunto único.""]}"
140,"{'batch_id': 137, 'measure_unit_id': 2, 'name': 'PORC. 29X59 FIRENZZE GRIS MATE', 'code': 'PAPPO29B0CY10002'}",400,"{""error"":[""Los campos batch_id, code deben formar un conjunto único.""]}"
141,"{'batch_id': 124, 'measure_unit_id': 2, 'name': 'PORC. 29X90 MADERO BEIGE MIX MATE', 'code': 'PAPPO29F0KB10001'}",400,"{""error"":[""Los campos batch_id, code deben formar un conjunto único.""]}"
142,"{'batch_id': 145, 'measure_unit_id': 2, 'name': 'PORC. 59X120 ARTIC VEIN MATE', 'code': 'PAPPO59C1AB10001'}",400,"{""error"":[""Los campos batch_id, code deben formar un conjunto único.""]}"
143,"{'batch_id': 145, 'measure_unit_id': 2, 'name': 'PORC. 60X120 LUNAR MARBLE PULIDO', 'code': 'PAPPO59C1AC10001'}",400,"{""error"":[""Los campos batch_id, code deben formar un conjunto único.""]}"
144,"{'batch_id': 127, 'measure_unit_id': 2, 'name': 'PORC. 59X120 SIENNA PULIDO', 'code': 'PAPPO59C1AG10002'}",400,"{""error"":[""Los campos batch_id, code deben formar un conjunto único.""]}"
145,"{'batch_id': 22, 'measure_unit_id': 2, 'name': 'PORC. 60X60 ARYA CREMA MATE', 'code': 'PAPPO60002210002'}",400,"{""error"":[""Los campos batch_id, code deben formar un conjunto único.""]}"
146,"{'batch_id': 22, 'measure_unit_id': 2, 'name': 'PORC. 60X60 BIANCO SATIN MATE', 'code': 'PAPPO60003X10001'}",400,"{""error"":[""Los campos batch_id, code deben formar un conjunto único.""]}"
147,"{'batch_id': 156, 'measure_unit_id': 2, 'name': 'PORC. 60X60 FIRENZZE GRIS MATE', 'code': 'PAPPO6000CY10001'}",400,"{""error"":[""Los campos batch_id, code deben formar un conjunto único.""]}"
149,"{'batch_id': 158, 'measure_unit_id': 2, 'name': 'PORC. 60X60 INDUSTRIAL STONE EXTERIOR X50', 'code': 'PAPPO6000FT10002'}",400,"{""error"":[""Los campos batch_id, code deben formar un conjunto único.""]}"
150,"{'batch_id': 22, 'measure_unit_id': 2, 'name': 'PORC. 60X60 LAJA GRIS RUSTICO', 'code': 'PAPPO6000IE10001'}",400,"{""error"":[""Los campos batch_id, code deben formar un conjunto único.""]}"
151,"{'batch_id': 22, 'measure_unit_id': 2, 'name': 'PORC. 60X60 SOMMET WHITE MATE', 'code': 'PAPPO6000T510002'}",400,"{""error"":[""Los campos batch_id, code deben formar un conjunto único.""]}"
152,"{'batch_id': 136, 'measure_unit_id': 2, 'name': 'PORC. 59X59 TRAVERTINO BEIGE MATE', 'code': 'PAPPO6000V010003'}",400,"{""error"":[""Los campos batch_id, code deben formar un conjunto único.""]}"
153,"{'batch_id': 132, 'measure_unit_id': 2, 'name': 'PORC. 60X60 CLASSIC LUCE MATE', 'code': 'PAPPO6001R410001'}",400,"{""error"":[""Los campos batch_id, code deben formar un conjunto único.""]}"
154,"{'batch_id': 165, 'measure_unit_id': 2, 'name': 'PORC. 60X60 GARDEN MATE despuntado', 'code': 'PAPPO60055F10001'}",400,"{""error"":[""Los campos batch_id, code deben formar un conjunto único.""]}"
155,"{'batch_id': 22, 'measure_unit_id': 2, 'name': 'PORC. 60X60 ESSENTIAL WHITE MATE', 'code': 'PAPPO60055T10002'}",400,"{""error"":[""Los campos batch_id, code deben formar un conjunto único.""]}"
157,"{'batch_id': 161, 'measure_unit_id': 2, 'name': 'PORC. 60X60 ESSENTIAL DARK MATE', 'code': 'PAPPO60055X10002'}",400,"{""error"":[""Los campos batch_id, code deben formar un conjunto único.""]}"
158,"{'batch_id': 157, 'measure_unit_id': 2, 'name': 'PORC. 60X60 ALICANTE NEGRO MATE', 'code': 'PAPPO60061R10001'}",400,"{""error"":[""Los campos batch_id, code deben formar un conjunto único.""]}"
159,"{'batch_id': 141, 'measure_unit_id': 2, 'name': 'PORC. 60X60 STATUARIO BEIGE PULIDO', 'code': 'PAPPO60061S10002'}",400,"{""error"":[""Los campos batch_id, code deben formar un conjunto único.""]}"
160,"{'batch_id': 163, 'measure_unit_id': 2, 'name': 'PORC. 60X60 ALBINO PULIDO COMERCIAL', 'code': 'PAPPO60061T20001'}",400,"{""error"":[""Los campos batch_id, code deben formar un conjunto único.""]}"
161,"{'batch_id': 148, 'measure_unit_id': 2, 'name': 'PORC. 60X60 DUNA BLANCO MATE X5', 'code': 'PAPPO600IR610001'}",400,"{""error"":[""Los campos batch_id, code deben formar un conjunto único.""]}"
162,"{'batch_id': 43, 'measure_unit_id': 2, 'name': 'PORC. 60X60 CONCRET GRAVA GR RUSTICO', 'code': 'PAPPO600IT510002'}",400,"{""error"":[""Los campos batch_id, code deben formar un conjunto único.""]}"
163,"{'batch_id': 22, 'measure_unit_id': 2, 'name': 'PORC. 60X60 CONCRET GRAVA BL MATE', 'code': 'PAPPO600IT610001'}",400,"{""error"":[""Los campos batch_id, code deben formar un conjunto único.""]}"
164,"{'batch_id': 152, 'measure_unit_id': 2, 'name': 'PORC. 60X120 BRUSCO MATE TEXTURADO', 'code': 'PAPPO60A05810001'}",400,"{""error"":[""Los campos batch_id, code deben formar un conjunto único.""]}"
165,"{'batch_id': 31, 'measure_unit_id': 2, 'name': 'PORC. 60X120 CHOCHIS MATE', 'code': 'PAPPO60A07010001'}",400,"{""error"":[""Los campos batch_id, code deben formar un conjunto único.""]}"
166,"{'batch_id': 31, 'measure_unit_id': 2, 'name': 'PORC. 60X120 PERUAN EXTERIOR', 'code': 'PAPPO60A0PB10001'}",400,"{""error"":[""Los campos batch_id, code deben formar un conjunto único.""]}"
167,"{'batch_id': 135, 'measure_unit_id': 2, 'name': 'PORC. 60X120 ROCK MATE', 'code': 'PAPPO60A0RE10002'}",400,"{""error"":[""Los campos batch_id, code deben formar un conjunto único.""]}"
168,"{'batch_id': 128, 'measure_unit_id': 2, 'name': 'PORC. 60X120 WOOD MOON TEXTURADO', 'code': 'PAPPO60A0X210001'}",400,"{""error"":[""Los campos batch_id, code deben formar un conjunto único.""]}"
169,"{'batch_id': 150, 'measure_unit_id': 2, 'name': 'PORC. 60X120 WOOD NATURE MATE', 'code': 'PAPPO60A0X310001'}",400,"{""error"":[""Los campos batch_id, code deben formar un conjunto único.""]}"
170,"{'batch_id': 31, 'measure_unit_id': 2, 'name': 'PORC. 60X120 ARTIC VEIN PULIDO', 'code': 'PAPPO60A1AB10001'}",400,"{""error"":[""Los campos batch_id, code deben formar un conjunto único.""]}"
171,"{'batch_id': 144, 'measure_unit_id': 2, 'name': 'PORC. 60X120 X50 LUNAR MARBLE MATE', 'code': 'PAPPO60A1AC10001'}",400,"{""error"":[""Los campos batch_id, code deben formar un conjunto único.""]}"
172,"{'batch_id': 146, 'measure_unit_id': 2, 'name': 'PORC. 60X120 SIENNA MATE', 'code': 'PAPPO60A1AG10001'}",400,"{""error"":[""Los campos batch_id, code deben formar un conjunto único.""]}"
173,"{'batch_id': 147, 'measure_unit_id': 2, 'name': 'PORC. 60X120 SIENNA ROMANO MATE', 'code': 'PAPPO60A1AG10002'}",400,"{""error"":[""Los campos batch_id, code deben formar un conjunto único.""]}"
174,"{'batch_id': 152, 'measure_unit_id': 2, 'name': 'PORC. 60X120 ARBOLEDA MATE', 'code': 'PAPPO60A1R310001'}",400,"{""error"":[""Los campos batch_id, code deben formar un conjunto único.""]}"
175,"{'batch_id': 151, 'measure_unit_id': 2, 'name': 'PORC. 60X120 CLASSIC LUCE MATE', 'code': 'PAPPO60A1R410001'}",400,"{""error"":[""Los campos batch_id, code deben formar un conjunto único.""]}"
176,"{'batch_id': 152, 'measure_unit_id': 2, 'name': 'PORC. 60X120 ELEMENTAL MATE', 'code': 'PAPPO60A1R510002'}",400,"{""error"":[""Los campos batch_id, code deben formar un conjunto único.""]}"
177,"{'batch_id': 164, 'measure_unit_id': 2, 'name': 'PORC. 60X120 PIERRE MATE', 'code': 'PAPPO60A1R610001'}",400,"{""error"":[""Los campos batch_id, code deben formar un conjunto único.""]}"
178,"{'batch_id': 159, 'measure_unit_id': 2, 'name': 'PORC. 60X120 NATURALIDAD MATE', 'code': 'PAPPO60A1R810001'}",400,"{""error"":[""Los campos batch_id, code deben formar un conjunto único.""]}"
179,"{'batch_id': 153, 'measure_unit_id': 2, 'name': 'PORC. 60X120 STELLE MARMORI MATE', 'code': 'PAPPO60A1RA10001'}",400,"{""error"":[""Los campos batch_id, code deben formar un conjunto único.""]}"
180,"{'batch_id': 162, 'measure_unit_id': 2, 'name': 'PORC. 60X120 OR DE CREMA MATE', 'code': 'PAPPO60A1RB10001'}",400,"{""error"":[""Los campos batch_id, code deben formar un conjunto único.""]}"
181,"{'batch_id': 142, 'measure_unit_id': 2, 'name': 'PORC. 60X120 ALBINO PULIDO', 'code': 'PAPPO60A61T10002'}",400,"{""error"":[""Los campos batch_id, code deben formar un conjunto único.""]}"
182,"{'batch_id': 31, 'measure_unit_id': 2, 'name': 'PORC. 60X120 PIEDRA DE SAL', 'code': 'PAPPO60AJA010002'}",400,"{""error"":[""Los campos batch_id, code deben formar un conjunto único.""]}"
183,"{'batch_id': 131, 'measure_unit_id': 2, 'name': 'PORC. 90X90 BOTANICA AMARILLO TEXTURADO', 'code': 'PAPPO90004Q10001'}",400,"{""error"":[""Los campos batch_id, code deben formar un conjunto único.""]}"
184,"{'batch_id': 131, 'measure_unit_id': 2, 'name': 'PORC. 90X90 BOTTEGA WHITE MATE', 'code': 'PAPPO90004V10001'}",400,"{""error"":[""Los campos batch_id, code deben formar un conjunto único.""]}"
185,"{'batch_id': 134, 'measure_unit_id': 2, 'name': 'PORC. 90X90 BRASTON MATE', 'code': 'PAPPO90005410002'}",400,"{""error"":[""Los campos batch_id, code deben formar un conjunto único.""]}"
186,"{'batch_id': 138, 'measure_unit_id': 2, 'name': 'PORC. 90X90 CONCRETO AGUA MATE', 'code': 'PAPPO90007P10001'}",400,"{""error"":[""Los campos batch_id, code deben formar un conjunto único.""]}"
187,"{'batch_id': 131, 'measure_unit_id': 2, 'name': 'PORC. 90X90 FLAKES MATE', 'code': 'PAPPO9000D110001'}",400,"{""error"":[""Los campos batch_id, code deben formar un conjunto único.""]}"
188,"{'batch_id': 131, 'measure_unit_id': 2, 'name': 'PORC. 90X90 METAL RUST EXTERIOR', 'code': 'PAPPO9000M210001'}",400,"{""error"":[""Los campos batch_id, code deben formar un conjunto único.""]}"
189,"{'batch_id': 131, 'measure_unit_id': 2, 'name': 'PORC. 90X90 SIBERIA TEXTURADO', 'code': 'PAPPO9000SD10001'}",400,"{""error"":[""Los campos batch_id, code deben formar un conjunto único.""]}"
190,"{'batch_id': 131, 'measure_unit_id': 2, 'name': 'PORC. 90X90 TIMELESS WHITE MATE', 'code': 'PAPPO9000UR10001'}",400,"{""error"":[""Los campos batch_id, code deben formar un conjunto único.""]}"
191,"{'batch_id': 7, 'measure_unit_id': 2, 'name': 'CERA. 60X60 BEIGE CLARO LISO BRILLO', 'code': 'PAPTE60003S10002'}",400,"{""error"":[""Los campos batch_id, code deben formar un conjunto único.""]}"
192,"{'batch_id': 183, 'measure_unit_id': 2, 'name': 'CERA. 60X60 BLANCO HIELO LISO MATE', 'code': 'PAPTE60004B10003'}",400,"{""error"":[""Los campos batch_id, code deben formar un conjunto único.""]}"
193,"{'batch_id': 131, 'measure_unit_id': 2, 'name': 'CERA. 60X60 MARMOL MARFIL BRILLO', 'code': 'PAPTE6000L510002'}",400,"{""error"":[""Los campos batch_id, code deben formar un conjunto único.""]}"
210,"{'batch_id': 27, 'measure_unit_id': 2, 'name': 'PORC. 20X120 ATLANTICA CANELA AC', 'code': 'PORCATCDECO01'}",400,"{""error"":[""Los campos batch_id, code deben formar un conjunto único.""]}"
214,"{'batch_id': 22, 'measure_unit_id': 2, 'name': 'PORC. 60X60 A90 BEIGE PLENO PULIDO', 'code': 'PORCBEPCHIN01'}",400,"{""error"":[""Los campos batch_id, code deben formar un conjunto único.""]}"
215,"{'batch_id': 22, 'measure_unit_id': 2, 'name': 'PORC. 60X60 BEIGE PLENO PULIDO', 'code': 'PORCBEPCHIN01'}",400,"{""error"":[""Los campos batch_id, code deben formar un conjunto único.""]}"
216,"{'batch_id': 22, 'measure_unit_id': 2, 'name': 'PORC. 60X60 F117 BEIGE PLENO PULIDO', 'code': 'PORCBEPCHIN01'}",400,"{""error"":[""Los campos batch_id, code deben formar un conjunto único.""]}"
217,"{'batch_id': 22, 'measure_unit_id': 2, 'name': 'PORC. 60X60 F91 BEIGE PLENO PULIDO', 'code': 'PORCBEPCHIN01'}",400,"{""error"":[""Los campos batch_id, code deben formar un conjunto único.""]}"
218,"{'batch_id': 22, 'measure_unit_id': 2, 'name': 'PORC. 60X60 F94 BEIGE PLENO PULIDO', 'code': 'PORCBEPCHIN01'}",400,"{""error"":[""Los campos batch_id, code deben formar un conjunto único.""]}"
